﻿Author,Title,Push,ResponseCount,Time,Content
hosadavid,Re: [求助] 從好朋友變成情人的歌,0,4,Fri Feb 24 20:46:52 2017,"《分手》 《分手快樂》 《好心分手》 《分手沒有什麼大不了》 《和平分手》《天亮以後說分手》 《第二代次分手》 《愛到盡頭是分手》《選擇分手》 《流著淚說分手》《快樂的時候說分手》《堅強分手》《笑著說分手》《帥到分手》《無痛分手》《分手後不要做朋友》《全世界分手》《和她分手》 《風一樣分手》 《不愛了就分手》《不能分手的分手》 《就這樣分手》《動不動說分手》《分手需要練習》


不用謝了:)


--"
