﻿Author,Title,Push,ResponseCount,Time,Content
g10715,Re: [求助] 希望女友減肥,6,154,Fri Feb 24 11:33:01 2017,"我相信原po希望女友減肥的出發點是好的，但你似乎忘了一件事情就是她也是一個獨立個
體而非你的附屬物，當你要求她作她不願意的事情，又義正嚴詞的說著冠冕堂皇的理由

這才是讓人作嘔的地方…

最後…女生體脂率本來就比較高，想找體脂率低的怎麼不去非洲，保證個個低於10趴

--"
