﻿Author,Title,Push,ResponseCount,Time,Content
jefffu,6年來   還是退回朋友了,34,74,Tue Feb 21 23:42:09 2017,"剛剛看到10年了，忽然覺得我6年好像差了點，就在今天跟我女朋友從情人退回了朋友，
理由就只是我知道你對我很好但是淡了，像家人一樣了，沒有談戀愛的感覺了，愛情長跑
真的不容易，從交往熱戀到平穩到像家人這不就是遇到愛你的人，一個女人所嚮往對你好
的男人嗎？女人心就這麼海底針 ？

--"
