﻿Author,Title,Push,ResponseCount,Time,Content
opqr24680,[求助] 女友很喜歡同性戀朋友,17,44,Mon Feb 20 15:29:33 2017,"跟女朋友在一起四年了，從高中開始他身邊就是很多同性戀的朋友（都是男生
去年跟大學交到的同性戀朋友去南部玩，也有過夜，今天又要跟同性戀同事去逛淡水老街
，也是單獨。女友真的很喜歡交同性戀朋友，我也不會去干涉什麼只是覺得他畢竟還是男
生，他搞不好也只是嘴巴說說自己是同性戀而已阿。
這樣會管太多嗎 還是說就這樣讓女朋友去交自己想交的朋友呢？
手機排版

--"
