﻿Author,Title,Push,ResponseCount,Time,Content
ganjuro,Re: [求助] 有了女友，卻更寂寞,1,1,Mon Feb 20 10:12:10 2017,"原文吃光。
天涯何處無芳草，何必單戀一枝花，更何況這花可能還不太想甩你，或是對方可能要用欲
擒故縱這種方式考驗你對她的感情，建立屬於她自己的安全感，我建議你就直接跑遠一點
充實自己，去學點別的東西，看實況打電動這要只會讓你更宅，至於安全感什麼的就讓她
自己去腦補吧，認真的男人最帥氣。

對了，你也不要急著找下一段感情，免得落人口實說你劈腿。

--"
