﻿Author,Title,Push,ResponseCount,Time,Content
andybg,Re: [討論] 女生30歲以上還苦無男友都是太挑嗎?,8,20,Sun Feb 19 16:04:59 2017,"原文吃光光~~

針對這個議題前面太多神人討論過了,魯宅就不談個人看法了
不論原PO條件或成就 個性如何,至少經歷這次發文之後
又多了一個優點,寫一篇文可以在PTT PO文被推爆,又回文20篇以上
這個小小的成就可以考慮寫進戀愛履歷裡,說不定就吸引到喜歡PTT的女性

魯宅也來分享個例子
我家樓下的牛肉麵店老闆,3X(35up),月休2-4天,每天工作12小時(含備料,收工打掃)
私立科大畢,一退伍就開店,有十年以上麵店收入我粗估月收應該也有6萬up,
也是交不到女友,30-35區間媽媽,親友,鄰居,里長不斷介紹,跟女生還有機會見面吃飯,
35過的這兩年連見面機會都沒了,老闆本身不菸不酒不檳榔,新北有舊公寓(父母給的),
沒車有真心,加上有養一隻狗,也很用心照顧每天固定遛狗,把屎把尿(算很會照顧別人的人)
孝順父母(媽媽在店裡幫忙,逢人就誇我兒子如何),個性也確實不錯,魯宅每天車停店門口,
包裹請他代收,魯宅很懶,訂麵用FB,老闆也都幫忙收單.
而且遇到正妹或好友還會多送一塊豆干小菜或牛肉,有次還請吃牛肚.
老闆還會貼心偷偷夾在麵裡面不另收錢,所以魯宅後來默默改吃牛肉湯麵,
從此以後卻反而撈不到牛肉,魯宅心想如果是正妹,湯麵會不會自動升級牛肉麵
魯宅也很疑惑,想不破頭,這麼好的一個人怎麼交不到女友?
開麵店開得好好的,老闆沒有規劃考公職,有規劃應該也加不了分




--"
