﻿Author,Title,Push,ResponseCount,Time,Content
sulamai,Re: [討論] 30歲以上男女還苦無適合對象的原因!??,5,13,Sun Feb 19 11:49:25 2017,"我認真地看完這篇文章..

「自我解釋」 可能才是關鍵吧!

會OOOO,但因為XXXX,所以才△△△△
簡單來說,就是把缺點合理化
===
交往不是找工作,所以不用條列說明,會哪些那些
一直在這些話題上打轉,想必交友聊天的過程中,對方應該很無趣
與其把時間花在這打自介怨嘆,討拍拍
倒不如多看點書,充實一下說話內容..言之有物但非難以理解

有空看憲哥的節目,
如何把一個小小的話題變得很有趣,引人入勝
=
雙親教你的態度,是你面對生活的方式,
但長大後,社會教會你,如何去面對人生...

提起媽媽? 想證明你的家教很好嗎? 應該不是媽媽跟女友交往吧!?
=
建議: 不要把自己變得可有可無的角色,正視缺點,對人生才有幫助
至於交女友,就隨緣吧!

--"
