﻿Author,Title,Push,ResponseCount,Time,Content
yoyo319,[心情] 我被打槍了嗎？,91,162,Sun Feb 19 08:42:22 2017,"追一個女孩兒一陣子了，通常都是我主動比較多，吃飯、看電影，出門走走，約她出去只
要他有時間通常不會拒絕，他需要幫忙的時候，我總是看得比自己的事情還重要，前幾天
他的生日，在line聊天聊了一下之後，她突然說，非常感謝妳對我的照顧，壽星希望你可
以找到屬於自己的的幸福，找到可以陪伴你的好女孩，祝福你～當下有個衝動想回他：如
果可以，我希望那個人是你！但打好字，卻傳不出去～只回了：謝謝你～然後心感覺揪了
一下～我該繼續下去嗎？

--"
