﻿Author,Title,Push,ResponseCount,Time,Content
kkk22805385,Re: [討論] 為什麼會未讀人家訊息放著不回？,10,37,Sun Feb 19 00:42:47 2017,"我是這樣覺得啦
第1.請先思考你們的關係
第2.你的話題讓她不感興趣,建議你多看看她的動態,思考哪些問題讓他引起共鳴
第3.你讓她不感興趣
其實也就這3點而已
我前陣子也跟你一樣 常常覺得她明明在為什麼不回我
但是到後來我覺得其實你也不用太在意,多找點事情做,他想回你自然就會回了
與其自怨自艾,還不如多愛自己一點,讓自己變得更好
不過我也是最近才體悟到這些道理,雖然我也不一定是對的,
老實說,這種心態真的不太健康喔^_^ 你有權益發訊息 她也有權益不回不讀
她並不會覺得多你一個朋友或少你一個朋友感到開心或難過,因為她們也有自己的生活要過

--

--"
