﻿Author,Title,Push,ResponseCount,Time,Content
PegasusSeiya,Re: [討論] 女生30歲以上還苦無男友都是太挑嗎?,6,30,Fri Feb 17 19:00:52 2017,"不是每一個人都可以結婚的, 也不是每一個人都需要結婚. 現代是個人口過剩的時代. 總
體來看它只是反映了這個社會問題. 這個社會資源本來就是有限的 (錢和性) 就像你遇到
經濟大蕭條, 沒工作失業我不覺得是個人的問題, 結婚也是. 但是還是有些因素可以去探
討, 為何有些看似條件不差但是過了30歲還沒結婚的女生.

首先, 自古結盟不外乎兩件事;
(1) 經濟
(2) 性

*這裡我不認為戀愛可以相提並論, 戀愛是一種腦子上的衝動. 要一直衝動到結婚, 而且所
有條件都符合到位又長期穩定, 幾乎是電影裡都不一定會有的Good ending.


---
(1) 經濟

面臨一個選擇, 就是 '現實與理想' 的落差, 沒有任何一個人願意犧牲自己的生活品質去
成就他人, 即使是富豪也通常都是規劃好後才會做慈善, 他們本業還是生意人. 而且做慈
善本身就還是件加分的事. 因為執行者也不是他們, 反而繼續提高他們的生活品質 (取得
企業還有個人的形象加分) 現在女生已經不需要男生保障他們的經濟, 除非你真的錢多到
能夠 '保障' 對方才會因這個條件改變 (比如說當貴婦就是一個誘因)


(2) 性

說實在以一個有打扮, 身材有注意維持, 不用到正妹的女生, 比起一般男性來說, 滿足性
需求真是容易太多 (不管是肉體上還是精神上) 門檻也真的低太多, 從各種兩性活動來看
, 門檻都是男大於女. 先別急著說我偏激, 有很多女性只是想證明自己的 '吸引力' 藉由
各種方式, 不一定是那麼表面肉慾 (講白話就是不一定要有性行為發生, 男生聽不懂的你
就當作女生也有很多腦補小劇場) 甚至有些也是牽扯到愛情, 但實質上都是一種自我證明
的需求. 現在女生要證明這部分比男生容易太多, 所以除非你的性吸引力強烈到滿足女生
可以讓她放棄這個花花世界, 也才有可能因這個條件改變 (比如說超級具有男性魅力)


那麼經濟上還有性上, 基本需求都滿足了. 除非出現一個能帶給生活品質 '加分' 的對象
, 不然還真難改變生活模式投入長期關係 (這裡有很多交往還是交開心的, 心裡還是隨時
抱著可以放手, 不一定有認定) 而現在同齡男生心智會低於同齡女女, 在年輕時候享受過
年輕優勢的女性, 更是難以回來, 這道理就跟由奢入儉難一樣. 沒有一間公司經營成功的
計劃是是降低營業額的吧? 唯有失敗才會降低標準去下修目標, 但你叫一個前期成功過的
人下修, 很多選擇的是 '寧可不要'

如果她又在經濟上或性上沒有資源問題, 實在是完全找不到理由, 即使過了35歲, 以現代
的健身風氣還有醫美科技, 我想更多女性會選擇延長自己的期限, 寧可做40歲的美魔女,
也不要在35歲降低標準. 所以相信你這時會在FB或是IG上看到一大堆的旅遊打卡美食, 就
是不見拍照者或男主角, 就是這個道理.

(潛在公式: 風景或打卡地點價值 > 拍照工具人)



[談身價的概念]

身價, 對這些人來說是一切, 因為已經過了那個時期, 沒有青春的肉體, 更要注重身價的
保持. 我相信一堆女性看到我文章難免會覺得偏激, 但是我得幫妳們說句話, 男生一直覺
得事業可以吸引女性, 其實也是同樣的偏激不是嗎? 但事實上這只是挑戰了我們溫良恭儉
讓的社會價值觀, 但本身確實是這樣運作的.

以溫良恭儉讓取勝的男性, 除非是本身底子就夠優, 比如說這男的有錢又帥而且 '品行好'
, 這樣 '才有機會' 勝出. 不然沒人會覺得一個守規矩的路人有吸引力的 (不闖紅綠燈,
完全部是一個加分項) 同樣地, 女性的價值體多體現在 '關係' 上, 多觀察女性FB, IG,
網誌風格跟男性的差異就知道, 很多時候女生不是覺得你不好, 錯..你是個大好人, 只是
跟你產生關係連結對他的身價 (在此妳想像成股價) 並沒有幫助, 何必浪費彼此時間?

很多男的在這裡就頭腦卡住, 覺得被批判了, 被否定了, 通常也就爆了 (其實這也是一個
隱藏的女性篩選機制, 如果沒爆, 你在女性心中的股價反而上揚) 簡單說, 男生比的是實
質上的, 比較表層上的. 女性比的比較隱性, 但骨子裡都是一樣的東西, 甚至很多女性比
起跟對身價沒幫助的男生, 寧可跟其他對自己身價亦有幫助的女性出去一起打卡, 也是同
樣道理, 這已經超越性別了.

女性對人際關係的能力是男性的好幾倍強 (論天性) 所以一個沒歷練過的男生, 在現代社
會自然是會慘兮兮, 甚至 '太乖' (被父母老師溫良恭儉讓洗腦的)  還可能會爆掉. 因為
太不懂這個道理, 而一般不要太差的女生, 從小就不知道被多少從低階的騷擾者, 中階的
追求者, 高階的玩咖鍛鍊出多少社交直覺. 而且懂的利用各種說話方式 (比如說講反話,
不否認, 或是做球挖洞等等) 更甚者情感操弄, 達到各種目的. 但這些對很多男生來說,
根本不會, 甚至反感.. (好男人們, 道德人品不是用在這個角度看的) 要注意很多女生在
這裡並不是帶著一份惡意, 但就產生很多比如說不負責任, 現實..等等. 但以她們角度全
然不是這樣. 甚至會覺得你很幼稚 (有機會聽到純女性之間的對話就知道) 通常能夠被他
們討論的男人們, 也都已經在名單內了, 所以也不用太灰心, 總比路人好. 所以玩咖, 甚
至是 Gay能夠這樣跟女性相處來去, 主要也是深知女性心理.

Are you guys fucking here?  這是我在國外唸書時, 突然一個女同學來我們宿舍聞到做
愛的味道 (別懷疑, 她就是那麼說) 結果兇手抓到, 是我歐洲人室友晚上從夜店帶妹回來
. 有時候女性直覺真他媽的準, 其實就是長期下來五感的開發遠大於男性. 還好洋妞們開
放直接, 讓我們這些亞洲宅男也體會到很多亞洲女生不敢跟你坦誠的事. 男生除非高富帥
, 只想用月薪學經歷身高這些, 根本就打不過一般女性長年下來的 '實力' 累積, 我說實
力也並不過分吧? 因為這些女性通常在社會上也混得不差了, 反觀男性年薪破百卻天天宅
的卻是一堆. 看了都替自己同胞搖頭..

所以這些女性 '一定' 深知自己的最高股價期過了, 超過30只能維持. 那她們在做的這些
, 就是維持這個身價. 只要身價高, 自然還是能吸引到目標客群. 簡單說也只是在求生存
罷了, 這樣想就知道不是惡意. 因為社會對高齡的單身女性是很殘酷的, 簡單說就是死也
要找到一個理由, 比如說股價太高沒買家等等, 因為她們到了40歲, 50歲都還是要生存的
, 一點都不容易. 甚至男生了不起耍無賴過日子, 但女生會更辛苦..

至於戀愛嘛? 不用男性多著想, 女生比我們更懂, 她們自有方法去尋找. 而她們也深知過
了30身價有多重要, 勢必為盡力去維持甚至排除任何可能跌價的行為 (因為她們的敵人是
年紀) 很多男生不能理解的 '假掰' 就在這, 而很多玩咖或是有心人, 就會利用女性這個
弱點. 但我還是要補充的事, 都還是比路人好, 不管好人壞人, 至少人家對妳有印象, 你
也對人家造成影響, 不然一個工具人說實在女性真的是無感的. 這也是男人不壞女人不愛
的原因, 女人絕對愛好人, 但好人真的太少, 而且愛上聖人其實又累又無聊, 自己也不一
定受得了, 所以;

好人 > 壞人 > 路人


[生存策略]

其實這都是一個生存策略問題罷了, 有時後妳找到路人結婚, 一樣辛苦很多事要靠自己,
但是找到壞人寧可說對方負於她, 真的有愛過等等..離婚就還有理由解釋股價下跌, 角色
扮演還有故事架構以及找理由, 對女生身價來說太重要, 我在這就先踩剎車吧, 免得我講
太多..

好了, 好人才是王道, 但得是 真.好人, 還有千萬不要走偏激, 只會對自己生存不利而已
, 很多時候找藉口也是一個策略, 慘的是一點生存策略都沒有的人, 隨坡逐流, 跟著仇男
仇女的. 可是大多數也很多都是 '沒想那麼多' 以及 '啊~ 就這樣啊' 的人, 都是這種人
在結婚生子居多, 這就看你怎麼想了. 但是這種30歲女生的想法, 我覺得有很多可以借鏡
的地方, 看不懂, 除非妳有意要拉倒對方股價, 不然大家都還是要在同一個市場上混的,
一起配合一下, 也許哪天也因此有了那麼個機緣也說不定.


(以上來自很多輕熟至熟女的真實想法與經驗, 不認同的請踴躍發言, 不管是表面還是真正
想法, 感謝)

--"
