﻿Author,Title,Push,ResponseCount,Time,Content
g10715,Re: [求助] 她說就是沒有感覺,3,3,Thu Feb 16 08:19:22 2017,"建議原po…你可以去把國高中的國文課本翻出來，然後慢慢的讀每一課課文，去理解每一
個字詞的含義

等你把這些都背的滾瓜爛熟之後你就會理解那女孩說的""沒感覺""就真的只是""沒感覺""，不
會有任何其他意思，如果真要說有什麼其他意思的話，大概就是對方是個好女孩，不好意
思直接回答你說你完全沒機會罷了

--"
