﻿Author,Title,Push,ResponseCount,Time,Content
flowsoda,[求助] 暫時分開是因為不適合嗎,4,16,Wed Feb 15 21:06:46 2017,"在一起三年多了, 一個多禮拜前男友提出要暫時分開的想法, 雖有點訝異, 但心中好像已
經有這個心裡準備了...我以為如同往常一樣吵個兩天就會和好, 但事實上我也知道問題
還是沒解決...

三年前在一起的時間點, 真的很不適合, 講難聽點就是我是他吳鳳來的, 但我完全不自知
, 之後還答應在一起, 以為已經熬過他家人不認同的日子(大概花了快兩年的時間),但很
多事情現在看起來都已經默默被影響

(很多人應該會覺得報應來了, 我都概括承受..)

但我還是想知道我們的感情之所以會變質是不是我想的那樣...
剛開始的一年, 我們都還有保有自己的生活空間, 但我總覺得不真實. 沒有親密感, 一方
面他還在找機會正式把我介紹給他朋友和家人,

後來他提出要一起住的想法, 我當然開心, 但在他家太多的種種讓我不但非常不自在, 也
承受不少難聽話, 只要有關他家人的聚會, 我都會能不去就不去...至於朋友的聚會, 我
本來就沒有習慣參加男朋友的聚會, 不想當跟屁蟲
這對他來說, 應該滿難過的...
一直覺得我是被強迫出席, 但我只是還在適應..

他知道既然我對於那些聚會沒興趣, 於是開始非常順從我想做的事, 不管是我先說我想去
哪裡或想做什麼, 他一定奉陪！為的就是讓我開心！

可能是還在熱戀吧, 只要跟我一起他都開心,
但久了, 我變的習慣去哪也希望他跟著來, 變成是下決定的那個人,
殊不知他始終是個個體, 會有想見的朋友, 想去運動, 想跟家人多相處, 但我還在停留在
他非常樂意跟我一起行動的想法....
加上我換工作後變得十分忙碌, 總覺的要花點時間陪他, 或製造一些新鮮感, 但他已經沒
興趣了

後來他常常心不在焉, 但我卻還是只看到表面的問題, 沒有察覺到他心裡掛著其實有更想
做的事的想法, 我變得鑽牛角尖.變得不開心..爭吵越來越多

他覺得他都已經配合我了, 一直要顧慮我的心情,為什麼我還不開心, 搞得他現在好累

等我發現事情不對想跟他好好討論時, 他認為我又要找他吵架, 於是馬上開啟防護罩不想
面對

不明白的是, 我一直在想調整彼此生活的方式, 但對方一直沒有表達心中真正的想法, 我
沒辦法知道確切問題, 也不知道該從何討論, 問不出關鍵的原因, 每次一問, 好像又變成
我無理取鬧, 我得到的回答都是""我不想吵架""

這樣下去也不是辦法, 我有提過不然我先搬出來, 他卻說我不想跟他生活了嗎?

其實也常問他是不是其實想去幹嘛不想做這個, 或是你怎麼不去運動了, 他還是表明沒關
係, 看我想幹嘛都可以...或是跟我說我想做的其實他都喜歡

所以我一直到他說要暫時分開時, 才知道他已經壓抑到不行, 覺得他不管怎麼做都沒辦法
讓我開心, 他覺得我們不適合了...他想要分開一陣子找回自己

即使我們有共同興趣, 相似的想法也不重要了, 他覺得這已經不是長久相處的關鍵

我覺得只是時間久了, 我們還是需要有個有效率的溝通方式才能繼續相處 ...即使對未來
已經有分歧, 還是可以表達出來吧！我還想努力的時候, 對方已經放棄...我不知道那個
暫時是什麼意思, 但我知道現在放他走他才會慢慢好起來吧？！

之後他的主動聯絡他的體貼, 我也只是當作他捨不得而已..

我還在思考這樣就叫不適合嗎？




--
請問要朝哪個方向檢視, 因為一直沒有好好溝通, 我得到的資訊實在太少, 對方只是說不
喜歡吵架...
謝謝你 我是想再好好聊 但不知道還有沒有機會 或是現階段適不適合談"
