﻿Author,Title,Push,ResponseCount,Time,Content
trippy,[討論] 矛盾,0,19,Tue Feb 14 20:58:25 2017,"彼此很愛對方！但他有同居女友 ！所以很少出來見面。所以有患得患失的感覺！我大他
六歲！看到他在公司跟之前有發生過關係的女生講話，心裡不是滋味！看到別的女生故意
跟他聊line 接近他 也覺得很酸。但能怎樣？因為我們只有短暫的相處時間 ，所以連吃
飯都很少，出去玩兩次而已！情侶之間的相處，逛街少之又少！跟他一起談戀愛，好辛苦
。好想離開他，但 又想著他 念著他。他同樣的非常在意我....不知有女生有跟我ㄧ樣想
法嗎？愛他卻想離開他....

--"
