﻿Author,Title,Push,ResponseCount,Time,Content
bravoq241670,[求助] 被女友吃的死死的,0,25,Mon Feb 13 20:18:50 2017,"如題，有一天我問女友，你會不會怕我離開你，對方卻說不會啊，因為我有一點吃定妳一
定不會離開我。
給對方太多的安全感卻變成這樣了該怎麼辦，很怕對方因為滿滿的安全感卻反而敢去劈腿
之類的…我只是想當一個好男友……。
我真的很在意他這麼說，感覺好不在乎我……可是也會說愛我還是想抱我…真的很不喜歡
這樣…我該怎麼辦？
手機排版 敬請見諒。

--"
